HUBデーモン,hubmaind 常駐 外部からのコネクションを受け付け、PROXYデーモンに振り分けを依頼します。
PROXYデーモン,hubpxyd 常駐 要求内容を解析し、中継デーモン、同報デーモン、Managerデーモンへ処理を振り分けます。,定期起動プロセスの起動を制御します。
Managerデーモン,hubmgrd 常駐(*1) HULFT-HUB Managerからの要求を処理します。
中継デーモン,hubrlyd 常駐(*3) ファイル転送を中継します。,配信側クライアントや集信側クライアントからの要求を中継します。,HULFT-HUB Managerからの要求を中継します。,送信要求を受けて、送出デーモンに送出処理を依頼します。
同報デーモン,hubmctd 常駐(*3) 同報のファイル転送を中継します。,転送データを蓄積します。
送出デーモン,hubsndd 常駐 送出要求を受けて送出プロセスを起動します。
ジョブフローデーモン, jfexecd 常駐 ジョブフロー機能のプロセスを監視します。
収容クライアント稼働監視プロセス,utlhubalivecheck 定期起動 収容クライアントの稼動状況を確認します。
集計プロセス,hubsumdb,定期起動,転送履歴を集計し、転送実績の統計情報をファイルに出力します。
代替コピープロセス,hubcpdef,定期起動,管理情報の反映を行うため、現用サーバから代替サーバへの管理情報や転送履歴、蓄積データのコピー(*6)の実行を要求します。
レプリケーションプロセス,hubreplica,常駐(*5),現用サーバから代替サーバへ、転送履歴と蓄積データを同期します。
送出プロセス,hubsnd,要求起動,蓄積データを送出します。
蓄積データ削除プロセス,hubchkexpire,定期起動,保管期限の過ぎた蓄積データを削除します。